"4", "1", "2025-02-03", "community health program", "User1", "The community health program provided by the NGO has significantly improved our access to medical care."
"4", "2", "2025-02-03", "educational workshops", "User2", "I appreciate the educational workshops organized by the NGO; they have enhanced my skills and knowledge."
"4", "3", "2025-02-03", "environmental conservation", "User3", "The environmental conservation efforts led by the NGO have positively impacted our local ecosystem."
"4", "4", "2025-02-03", "disaster relief", "User4", "The NGO's support during the disaster relief operation was timely and effective, providing much-needed assistance."
"4", "5", "2025-02-03", "vocational training", "User5", "I am grateful for the vocational training programs offered by the NGO, which have opened up new employment opportunities for me."
"0", "6", "2025-02-03", "environmental conservation", "User6", "The environmental conservation efforts seemed ineffective and lacked community involvement."
"0", "7", "2025-02-03", "disaster relief", "User7", "The disaster relief operation by the NGO was delayed, causing unnecessary hardship."
"0", "8", "2025-02-03", "vocational training", "User8", "The vocational training programs offered by the NGO were not relevant to current job market demands."
"0", "9", "2025-02-03", "community health program", "User9", "The community health program lacked sufficient resources, leading to inadequate medical care."
"0", "10", "2025-02-03", "educational workshops", "User10", "The educational workshops were poorly organized and did not meet my expectations."
"4", "11", "2025-02-03", "community health program", "User11", "The community health program provided by the NGO has significantly improved our access to medical care."
"4", "12", "2025-02-03", "educational workshops", "User12", "I appreciate the educational workshops organized by the NGO; they have enhanced my skills and knowledge."
"4", "13", "2025-02-03", "environmental conservation", "User13", "The environmental conservation efforts led by the NGO have positively impacted our local ecosystem."
"4", "14", "2025-02-03", "disaster relief", "User14", "The NGO's support during the disaster relief operation was timely and effective, providing much-needed assistance."
"4", "15", "2025-02-03", "vocational training", "User15", "I am grateful for the vocational training programs offered by the NGO, which have opened up new employment opportunities for me."
"0", "16", "2025-02-03", "environmental conservation", "User16", "The environmental conservation efforts seemed ineffective and lacked community involvement."
"0", "17", "2025-02-03", "disaster relief", "User17", "The disaster relief operation by the NGO was delayed, causing unnecessary hardship."
"0", "18", "2025-02-03", "vocational training", "User18", "The vocational training programs offered by the NGO were not relevant to current job market demands."
"0", "19", "2025-02-03", "community health program", "User19", "The community health program lacked sufficient resources, leading to inadequate medical care."
"0", "20", "2025-02-03", "educational workshops", "User20", "The educational workshops were poorly organized and did not meet my expectations."
"4", "21", "2025-02-03", "community health program", "User21", "The community health program provided by the NGO has significantly improved our access to medical care."
"4", "22", "2025-02-03", "educational workshops", "User22", "I appreciate the educational workshops organized by the NGO; they have enhanced my skills and knowledge."
"4", "23", "2025-02-03", "environmental conservation", "User23", "The environmental conservation efforts led by the NGO have positively impacted our local ecosystem."
"4", "24", "2025-02-03", "disaster relief", "User24", "The NGO's support during the disaster relief operation was timely and effective, providing much-needed assistance."
"4", "25", "2025-02-03", "vocational training", "User25", "I am grateful for the vocational training programs offered by the NGO, which have opened up new employment opportunities for me."
"0", "26", "2025-02-03", "environmental conservation", "User26", "The environmental conservation efforts seemed ineffective and lacked community involvement."
"0", "27", "2025-02-03", "disaster relief", "User27", "The disaster relief operation by the NGO was delayed, causing unnecessary hardship."
"0", "28", "2025-02-03", "vocational training", "User28", "The vocational training programs offered by the NGO were not relevant to current job market demands."
"0", "29", "2025-02-03", "community health program", "User29", "The community health program lacked sufficient resources, leading to inadequate medical care."
"0", "30", "2025-02-03", "educational workshops", "User30", "The educational workshops were poorly organized and did not meet my expectations."
"4", "31", "2025-02-03", "community health program", "User31", "The community health program provided by the NGO has significantly improved our access to medical care."
"4", "32", "2025-02-03", "educational workshops", "User32", "I appreciate the educational workshops organized by the NGO; they have enhanced my skills and knowledge."
"4", "33", "2025-02-03", "environmental conservation", "User33", "The environmental conservation efforts led by the NGO have positively impacted our local ecosystem."
"4", "34", "2025-02-03", "disaster relief", "User34", "The NGO's support during the disaster relief operation was timely and effective, providing much-needed assistance."
"4", "35", "2025-02-03", "vocational training", "User35", "I am grateful for the vocational training programs offered by the NGO, which have opened up new employment opportunities for me."
"0", "36", "2025-02-03", "environmental conservation", "User36", "The environmental conservation efforts seemed ineffective and lacked community involvement."
"0", "37", "2025-02-03", "disaster relief", "User37", "The disaster relief operation by the NGO was delayed, causing unnecessary hardship."
"0", "38", "2025-02-03", "vocational training", "User38", "The vocational training programs offered by the NGO were not relevant to current job market demands."
"0", "39", "2025-02-03", "community health program", "User39", "The community health program lacked sufficient resources, leading to inadequate medical care."
"0", "40", "2025-02-03", "educational workshops", "User40", "The educational workshops were poorly organized and did not meet my expectations."
"4", "41", "2025-02-03", "community health program", "User41", "The community health program provided by the NGO has significantly improved our access to medical care."
"4", "42", "2025-02-03", "educational workshops", "User42", "I appreciate the educational workshops organized by the NGO; they have enhanced my skills and knowledge."
"4", "43", "2025-02-03", "community health program", "User43", "The community health program has greatly improved the health outcomes in our community."
"4", "44", "2025-02-03", "educational workshops", "User44", "The educational workshops have been an invaluable resource for enhancing my professional skills."
"4", "45", "2025-02-03", "environmental conservation", "User45", "The environmental conservation initiatives have brought awareness to the importance of sustainable practices."
"4", "46", "2025-02-03", "disaster relief", "User46", "The disaster relief efforts have provided much-needed assistance during a critical time."
"4", "47", "2025-02-03", "vocational training", "User47", "I gained important skills from the vocational training that have opened up new job opportunities."
"0", "48", "2025-02-03", "environmental conservation", "User48", "The environmental conservation initiatives were poorly planned and executed, leading to little impact."
"0", "49", "2025-02-03", "disaster relief", "User49", "The disaster relief efforts were insufficient and delayed, causing additional suffering for the affected families."
"0", "50", "2025-02-03", "vocational training", "User50", "The vocational training programs did not align with the current industry standards or demands."
"0", "51", "2025-02-03", "community health program", "User51", "The community health program's reach was limited, and many people could not access the services."
"0", "52", "2025-02-03", "educational workshops", "User52", "The workshops did not offer practical insights, and I found the content irrelevant to my needs."
"4", "53", "2025-02-03", "community health program", "User53", "The community health program has significantly increased awareness about preventive care."
"4", "54", "2025-02-03", "educational workshops", "User54", "The educational workshops were engaging and informative, offering a great opportunity to learn new skills."
"4", "55", "2025-02-03", "environmental conservation", "User55", "The environmental efforts have been a positive step towards protecting our local wildlife and habitats."
"4", "56", "2025-02-03", "disaster relief", "User56", "The disaster relief operation was extremely helpful, ensuring essential needs were met quickly."
"4", "57", "2025-02-03", "vocational training", "User57", "I feel the vocational training has improved my job prospects and helped me develop valuable skills."
"0", "58", "2025-02-03", "environmental conservation", "User58", "The environmental conservation program failed to address key issues, and there was a lack of community involvement."
"0", "59", "2025-02-03", "disaster relief", "User59", "The disaster relief response was disorganized, causing confusion and delays in delivering aid."
"0", "60", "2025-02-03", "vocational training", "User60", "The vocational training was not up to date with the demands of the current job market."
"0", "61", "2025-02-03", "community health program", "User61", "The community health program provided essential services but lacked long-term sustainability."
"0", "62", "2025-02-03", "educational workshops", "User62", "The educational workshops could be more interactive and focused on practical skills."
"4", "63", "2025-02-03", "community health program", "User63", "The community health program has been a lifeline for many in underserved areas, improving access to healthcare."
"4", "64", "2025-02-03", "educational workshops", "User64", "I have gained invaluable knowledge from the educational workshops, which have contributed to my career growth."
"4", "65", "2025-02-03", "environmental conservation", "User65", "The environmental conservation efforts have made a noticeable difference in preserving our natural resources."
"4", "66", "2025-02-03", "disaster relief", "User66", "The disaster relief initiative provided immediate aid, helping people in distress quickly recover."
"4", "67", "2025-02-03", "vocational training", "User67", "The vocational training was highly relevant to the job market, and I now feel more confident in my skills."
"0", "68", "2025-02-03", "environmental conservation", "User68", "I felt the environmental conservation project lacked a clear vision and failed to engage the local community effectively."
"0", "69", "2025-02-03", "disaster relief", "User69", "The disaster relief response was underprepared, and it caused more confusion than assistance."
"0", "70", "2025-02-03", "vocational training", "User70", "The vocational training program had outdated content and was not useful in preparing for modern jobs."
"4", "71", "2025-02-03", "community health program", "User71", "The community health program has provided essential care and resources to many in our area."
"4", "72", "2025-02-03", "educational workshops", "User72", "The workshops provided crucial knowledge and networking opportunities for personal and professional growth."
"4", "73", "2025-02-03", "environmental conservation", "User73", "The environmental efforts have helped protect endangered species in the region."
"4", "74", "2025-02-03", "disaster relief", "User74", "The disaster relief response was swift and efficient, ensuring no one was left behind."
"4", "75", "2025-02-03", "vocational training", "User75", "The vocational training program helped me gain new skills and land a job I am passionate about."
"0", "76", "2025-02-03", "environmental conservation", "User76", "The environmental conservation efforts lacked real impact and did not reach enough people."
"0", "77", "2025-02-03", "disaster relief", "User77", "The disaster relief operation was slow and ineffective, leaving many without basic necessities."
"0", "78", "2025-02-03", "vocational training", "User78", "The vocational training program failed to provide relevant skills needed in today's job market."
"0", "79", "2025-02-03", "community health program", "User79", "The community health program didn't reach enough individuals and had limited resources."
"0", "80", "2025-02-03", "educational workshops", "User80", "The workshops were not tailored to the participants' needs, making them less effective."
"4", "81", "2025-02-03", "community health program", "User81", "The community health program has helped raise awareness about critical health issues in underserved communities."
"4", "82", "2025-02-03", "educational workshops", "User82", "The educational workshops were a great way to expand my knowledge in a structured environment."
"4", "83", "2025-02-03", "environmental conservation", "User83", "The environmental conservation efforts have made a visible difference in reducing pollution and waste."
"4", "84", "2025-02-03", "disaster relief", "User84", "The disaster relief efforts were timely and greatly appreciated by those affected by the crisis."
"4", "85", "2025-02-03", "vocational training", "User85", "The vocational training was insightful and equipped me with practical skills to excel in my career."
"0", "86", "2025-02-03", "environmental conservation", "User86", "The environmental conservation program did not achieve its goals due to poor execution."
"0", "87", "2025-02-03", "disaster relief", "User87", "The disaster relief efforts were poorly coordinated, leading to delays and missed opportunities."
"0", "88", "2025-02-03", "vocational training", "User88", "The vocational training was not useful in preparing for the job market, offering outdated material."
"0", "89", "2025-02-03", "community health program", "User89", "The community health program was inefficient and didn't provide meaningful health improvements."
"0", "90", "2025-02-03", "educational workshops", "User90", "The workshops were unorganized and didn't deliver practical skills that could be applied in the workplace."
"4", "91", "2025-02-03", "community health program", "User91", "The community health program has greatly improved access to healthcare and educated people about preventative measures."
"4", "92", "2025-02-03", "educational workshops", "User92", "The educational workshops have been incredibly helpful in advancing my career and expanding my knowledge base."
"4", "93", "2025-02-03", "environmental conservation", "User93", "The environmental conservation efforts have been instrumental in preserving natural habitats and promoting sustainability."
"4", "94", "2025-02-03", "disaster relief", "User94", "The disaster relief provided quick and effective assistance to those in need during the crisis."
"4", "95", "2025-02-03", "vocational training", "User95", "The vocational training program was invaluable, teaching me practical skills that helped me secure a job."
"0", "96", "2025-02-03", "environmental conservation", "User96", "The environmental conservation efforts were poorly managed and did not yield the expected results."
"0", "97", "2025-02-03", "disaster relief", "User97", "The disaster relief efforts were inadequate, and there was a lack of communication during the recovery process."
"0", "98", "2025-02-03", "vocational training", "User98", "The vocational training program was not up to industry standards and failed to provide relevant skills."
"0", "99", "2025-02-03", "community health program", "User99", "The community health program was underfunded and couldn't provide essential services to those who needed it most."
"0", "100", "2025-02-03", "educational workshops", "User100", "The workshops lacked structure and were not tailored to the participants' specific needs, making them ineffective."
"4", "101", "2025-02-03", "community health program", "User101", "The community health program has significantly improved the well-being of people in my area."
"4", "102", "2025-02-03", "educational workshops", "User102", "I found the workshops to be enlightening, as they covered a broad range of topics relevant to my career."
"4", "103", "2025-02-03", "environmental conservation", "User103", "The environmental conservation program helped raise awareness and promoted eco-friendly practices in our community."
"4", "104", "2025-02-03", "disaster relief", "User104", "The disaster relief operation was highly efficient and helped restore normalcy to affected areas."
"4", "105", "2025-02-03", "vocational training", "User105", "The vocational training program helped me gain confidence in my professional abilities and opened up new career paths."
"0", "106", "2025-02-03", "environmental conservation", "User106", "The environmental conservation efforts were ineffective, and the community was not engaged in the process."
"0", "107", "2025-02-03", "disaster relief", "User107", "The disaster relief efforts were poorly executed, leading to more confusion and delays."
"0", "108", "2025-02-03", "vocational training", "User108", "The vocational training did not prepare me adequately for the workforce, with outdated and irrelevant content."
"0", "109", "2025-02-03", "community health program", "User109", "The community health program did not address the core health challenges faced by the population."
"0", "110", "2025-02-03", "educational workshops", "User110", "The workshops were too basic and did not provide advanced knowledge or practical applications."
"4", "111", "2025-02-03", "community health program", "User111", "The community health program has made a significant difference in raising awareness about mental health."
"4", "112", "2025-02-03", "educational workshops", "User112", "The workshops provided great insights and practical tips that were immediately applicable in my work."
"4", "113", "2025-02-03", "environmental conservation", "User113", "The environmental conservation project has improved local biodiversity and has been a success in educating the public."
"4", "114", "2025-02-03", "disaster relief", "User114", "The disaster relief efforts were well-coordinated and provided critical support to those in need."
"4", "115", "2025-02-03", "vocational training", "User115", "The vocational training course was incredibly hands-on, equipping me with the skills to immediately use in the workplace."
"4", "116", "2025-02-03", "community health program", "User116", "The health program reached underserved areas and educated people on important preventive measures."
"4", "117", "2025-02-03", "educational workshops", "User117", "The workshops were interactive, allowing me to apply concepts in real time, improving my learning experience."
"4", "118", "2025-02-03", "environmental conservation", "User118", "The project made a positive environmental impact and encouraged others to participate in sustainability efforts."
"4", "119", "2025-02-03", "disaster relief", "User119", "Thanks to the quick disaster relief response, many lives were saved and communities started recovering faster."
"4", "120", "2025-02-03", "vocational training", "User120", "The vocational training opened new career opportunities for me and helped me achieve professional growth."
"0", "121", "2025-02-03", "environmental conservation", "User121", "The environmental conservation efforts were poorly managed, and there was no clear plan of action."
"0", "122", "2025-02-03", "disaster relief", "User122", "The disaster relief operation was disorganized, and many affected individuals didn't receive the help they needed."
"0", "123", "2025-02-03", "vocational training", "User123", "The vocational training was outdated and didn't prepare me for the real challenges of the job market."
"0", "124", "2025-02-03", "community health program", "User124", "The health program lacked sufficient resources and failed to reach the most vulnerable populations."
"0", "125", "2025-02-03", "educational workshops", "User125", "The workshops were not engaging and felt more like a lecture rather than interactive sessions."
"0", "126", "2025-02-03", "environmental conservation", "User126", "The environmental conservation project failed to deliver any measurable impact on the environment."
"0", "127", "2025-02-03", "disaster relief", "User127", "There was a lack of communication during the disaster relief efforts, which led to confusion and inefficiency."
"0", "128", "2025-02-03", "vocational training", "User128", "The training program was irrelevant to the current job market and did not offer practical skills."
"0", "129", "2025-02-03", "community health program", "User129", "The community health program was poorly funded and didn't have enough outreach to make a real difference."
"0", "130", "2025-02-03", "educational workshops", "User130", "The workshops lacked depth and were not tailored to the participants' needs or professional backgrounds."
"0", "131", "2025-02-03", "environmental conservation", "User131", "The environmental conservation project had no significant results, and most initiatives were abandoned midway."
"0", "132", "2025-02-03", "disaster relief", "User132", "The disaster relief efforts were inefficient and left many people without basic necessities for too long."
"0", "133", "2025-02-03", "vocational training", "User133", "The vocational training offered generic courses that didn't provide the specialized skills needed by employers."
"0", "134", "2025-02-03", "community health program", "User134", "The community health program was underfunded, leading to a lack of necessary resources and outreach."
"0", "135", "2025-02-03", "educational workshops", "User135", "The workshops were not well-organized, making it difficult to follow the material or engage in discussions."
"0", "136", "2025-02-03", "environmental conservation", "User136", "The environmental conservation program didn't have a long-term sustainability plan and quickly fizzled out."
"0", "137", "2025-02-03", "disaster relief", "User137", "The disaster relief efforts were slow to mobilize and failed to deliver assistance to all affected areas."
"0", "138", "2025-02-03", "vocational training", "User138", "The vocational training program didn't align with current industry demands and left many graduates underprepared."
"0", "139", "2025-02-03", "community health program", "User139", "The community health program lacked the right focus and failed to address urgent local health issues."
"0", "140", "2025-02-03", "educational workshops", "User140", "The workshops were not beneficial and did not provide new insights that could be implemented in real-world scenarios."
"0", "141", "2025-02-03", "environmental conservation", "User141", "The environmental conservation project failed due to a lack of local engagement and government support."
"0", "142", "2025-02-03", "disaster relief", "User142", "The disaster relief efforts were poorly managed and lacked adequate supplies to assist those in need."
"0", "143", "2025-02-03", "vocational training", "User143", "The vocational training program was a waste of time and failed to teach valuable skills for the job market."
"0", "144", "2025-02-03", "vocational training", "User145", "The disaster relief operation by the NGO was delayed, causing unnecessary hardship."
